,archivos,tablas,ids,namings,criticals,type_rules,datavaluescolumn,datavaluessubset,datavaluespath,values,subset,drilldown,acceptanceMin,rule
84,C:/Users/O005820/Documents/repositorios/GDH_c360_hammurabi_UUAAs/b0hn/glgldh360gloqlt/hammurabi/confs/master/b0hn/B0HN_sust-groups-fdbk_B0HN_sust-groups-fdbk-detail_MMRule.conf,t_b0hn_sust_groups_fdbk,GL_DOM_t_b0hn_sust_groups_fdbk_5.2_000,gf_sust_tot_rspse_score_number,False,com.datio.hammurabi.rules.integrity.ValueComparisonRule,,gf_cutoff_date='CUTOFF_DATE',['tmp://tmp1'],,,,,5.2
319,C:/Users/O005820/Documents/repositorios/GDH_c360_hammurabi_UUAAs/dast/glgldh360gloqlt/hammurabi/confs/master/dast/DAST_crypto-exchange-account_DAST_crypto-exchange_MMRule.conf,t_dast_crypto_exchange_account,27bd3cac34,gf_cust_prch_comm_brand_id,False,com.datio.hammurabi.rules.consistence.ValueConciliationRule,,gf_cutoff_date='CUTOFF_DATE',['/data/master/dast/data/t_dast_crypto_exchange/'],,gf_cust_prch_comm_brand_id is not null and gf_cust_prch_comm_brand_id != '',,100,4.3
579,C:/Users/O005820/Documents/repositorios/GDH_c360_hammurabi_UUAAs/g5m3/glgldh360gloqlt/hammurabi/confs/master/g5m3/G5M3_sust-mob-operations-cib_KCOG_entity_MMRule.conf,t_g5m3_sust_mob_operations_cib,27bfe8330f,g_entity_id,False,com.datio.hammurabi.rules.consistence.ValueConciliationRule,,1==1,['/data/master/kcog/data/t_kcog_entity/'],,"gf_source_system_sust_type IN ('37730', '2259886', '33763', '86076')",,100,4.3
625,C:/Users/O005820/Documents/repositorios/GDH_c360_hammurabi_UUAAs/j7il/glgldh360gloqlt/hammurabi/confs/master/j7il/J7IL_atm-session-message_KCOG_entity_MMRule.conf,t_j7il_atm_session_message,2836f194af,g_entity_id,False,com.datio.hammurabi.rules.consistence.ValueConciliationRule,,1==1,['/data/master/kcog/data/t_kcog_entity/'],,,,100,4.3
697,C:/Users/O005820/Documents/repositorios/GDH_c360_hammurabi_UUAAs/j7il/glgldh360gloqlt/hammurabi/confs/master/j7il/J7IL_notification-management_KCOG_entity_MMRule.conf,t_j7il_notification_management,28b5e0e35c,gf_entity_id,False,com.datio.hammurabi.rules.consistence.ValueConciliationRule,,gf_cutoff_date='CUTOFF_DATE',['MASTERSCHEMA.t_kcog_entity'],,,,95,4.3
838,C:/Users/O005820/Documents/repositorios/GDH_c360_hammurabi_UUAAs/katc/glgldh360gloqlt/hammurabi/confs/master/katc/KATC_burned-items_KBTQ_customer-info_MMRule.conf,t_katc_burned_items,287abf8ef0,g_customer_id,False,com.datio.hammurabi.rules.consistence.ValueConciliationRule,,,['MASTERSCHEMA.t_kbtq_customer_info'],,,,95,4.3
924,C:/Users/O005820/Documents/repositorios/GDH_c360_hammurabi_UUAAs/kcdg/glgldh360gloqlt/hammurabi/confs/master/kcdg/KCDG_graph-edges_KCDG_graph-nodes_MMRule.conf,t_kcdg_graph_edges,27960a8029,gf_source_node_id,False,com.datio.hammurabi.rules.integrity.ValueComparisonRule,,gf_cutoff_date='CUTOFF_DATE',['MASTERSCHEMA.t_kcdg_graph_nodes'],,,,,5.2
925,C:/Users/O005820/Documents/repositorios/GDH_c360_hammurabi_UUAAs/kcdg/glgldh360gloqlt/hammurabi/confs/master/kcdg/KCDG_graph-edges_KCDG_graph-nodes_MMRule.conf,t_kcdg_graph_edges,27960a8083,gf_destination_node_id,False,com.datio.hammurabi.rules.integrity.ValueComparisonRule,,gf_cutoff_date='CUTOFF_DATE',['MASTERSCHEMA.t_kcdg_graph_nodes'],,,,,5.2
1252,C:/Users/O005820/Documents/repositorios/GDH_c360_hammurabi_UUAAs/kceg/glgldh360gloqlt/hammurabi/confs/master/kceg/KCEG_customer-products_KSAN_eom-domestic-interveners_MMRule.conf,t_kceg_customer_products,28375a6f0f,g_main_holder_customer_type,False,com.datio.hammurabi.rules.consistence.ValueConciliationRule,,1==1,['/data/master/ksan/data/t_ksan_eom_domestic_interveners/'],,,,95,4.3
1288,C:/Users/O005820/Documents/repositorios/GDH_c360_hammurabi_UUAAs/kceg/glgldh360gloqlt/hammurabi/confs/master/kceg/KCEG_customer-registers_KCEG_customer-cancellations_MMRule.conf,t_kceg_customer_registers,GL_DOM_t_kceg_customer_registers_5.2_000,gf_cust_comm_regisn_date,False,com.datio.hammurabi.rules.integrity.ValueComparisonRule,,gf_cust_comm_cancellation_date,['/data/master/kceg/data/t_kceg_customer_cancellations/'],,,,100,5.2
1379,C:/Users/O005820/Documents/repositorios/GDH_c360_hammurabi_UUAAs/kceg/glgldh360gloqlt/hammurabi/confs/master/kceg/KCEG_fx-cust-scores_KCOG_entity_MMRule.conf,t_kceg_fx_cust_scores,28b8099fb8,g_entity_id,False,com.datio.hammurabi.rules.consistence.ValueConciliationRule,,gf_cutoff_date='CUTOFF_DATE',['MASTERSCHEMA.t_kcog_entity'],,,,95,4.3
1517,C:/Users/O005820/Documents/repositorios/GDH_c360_hammurabi_UUAAs/kcpg/glgldh360gloqlt/hammurabi/confs/master/kcpg/KCPG_customer-cust-prod-mp_KCOG_entity_MMRule.conf,t_kcpg_customer_cust_prod_mp,283b6a2522,g_entity_id,False,com.datio.hammurabi.rules.consistence.ValueConciliationRule,,1==1,['MASTERSCHEMA.t_kcog_entity'],,,,100,4.3
1518,C:/Users/O005820/Documents/repositorios/GDH_c360_hammurabi_UUAAs/kcpg/glgldh360gloqlt/hammurabi/confs/master/kcpg/KCPG_customer-cust-prod-mp_KSAN_contract-global-local_MMRule.conf,t_kcpg_customer_cust_prod_mp,283b6a2742,g_contract_id,False,com.datio.hammurabi.rules.consistence.ValueConciliationRule,,1==1,['MASTERSCHEMA.t_ksan_contract_global_local'],,,,100,4.3
1947,C:/Users/O005820/Documents/repositorios/GDH_c360_hammurabi_UUAAs/kcpg/glgldh360gloqlt/hammurabi/confs/master/kcpg/KCPG_rules-movements_KCPG_general-goals_MMRule.conf,t_kcpg_rules_movements,GL_DOM_t_kcpg_rules_movements_4.3_001,gf_goal_id,False,com.datio.hammurabi.rules.consistence.ValueConciliationRule,,gf_cutoff_date='CUTOFF_DATE',['/data/master/kcpg/data/t_kcpg_general_goals/'],,gf_goal_id is not null and gf_goal_id != '',,100,4.3
1948,C:/Users/O005820/Documents/repositorios/GDH_c360_hammurabi_UUAAs/kcpg/glgldh360gloqlt/hammurabi/confs/master/kcpg/KCPG_rules-movements_KCPG_goal-rules_MMRule.conf,t_kcpg_rules_movements,GL_DOM_t_kcpg_rules_movements_4.3_000,gf_goal_id,False,com.datio.hammurabi.rules.consistence.ValueConciliationRule,,gf_cutoff_date='CUTOFF_DATE',['/data/master/kcpg/data/t_kcpg_goal_rules/'],,gf_goal_id is not null and gf_goal_id != '',,100,4.3
2256,C:/Users/O005820/Documents/repositorios/GDH_c360_hammurabi_UUAAs/kfcm/glgldh360gloqlt/hammurabi/confs/master/kfcm/KFCM_fdbk-filled-form-field_KFCM_feedback-form-shown_MMRule.conf,t_kfcm_fdbk_filled_form_field,2827d0bc0d,gf_form_filled_date,False,com.datio.hammurabi.rules.integrity.ValueComparisonRule,,gf_cutoff_date='CUTOFF_DATE',['/data/master/kfcm/data/t_kfcm_feedback_form_shown/'],,gf_form_filled_date is not null,,100,5.2
2306,C:/Users/O005820/Documents/repositorios/GDH_c360_hammurabi_UUAAs/kfcm/glgldh360gloqlt/hammurabi/confs/master/kfcm/KFCM_feedback-filled-form_KFCM_feedback-form-shown_MMRule.conf,t_kfcm_feedback_filled_form,2827d0bd26,gf_form_filled_date,False,com.datio.hammurabi.rules.integrity.ValueComparisonRule,,gf_cutoff_date='CUTOFF_DATE',['/data/master/kfcm/data/t_kfcm_feedback_form_shown/'],,gf_form_filled_date is not null,,100,5.2
2328,C:/Users/O005820/Documents/repositorios/GDH_c360_hammurabi_UUAAs/kfcm/glgldh360gloqlt/hammurabi/confs/master/kfcm/KFCM_feedback-form-shown_KCOG_country_MMRule.conf,t_kfcm_feedback_form_shown,28cb03b7fd,g_country_id,False,com.datio.hammurabi.rules.consistence.ValueConciliationRule,,gf_cutoff_date='CUTOFF_DATE',['MASTERSCHEMA.t_kcog_country'],,,,95,4.3
2473,C:/Users/O005820/Documents/repositorios/GDH_c360_hammurabi_UUAAs/kmig/glgldh360gloqlt/hammurabi/confs/master/kmig/KMIG_customer-allocation_KCOG_branch_MMRule.conf,t_kmig_customer_allocation,28243e593d,g_branch_id,False,com.datio.hammurabi.rules.consistence.ValueConciliationRule,,1==1,['/data/master/kcog/data/t_kcog_branch/'],,g_branch_id is not null and g_branch_id != '',,100,4.3
2476,C:/Users/O005820/Documents/repositorios/GDH_c360_hammurabi_UUAAs/kmig/glgldh360gloqlt/hammurabi/confs/master/kmig/KMIG_customer-allocation_KCOG_entity_MMRule.conf,t_kmig_customer_allocation,289613a9ed,gf_entity_id,False,com.datio.hammurabi.rules.consistence.ValueConciliationRule,,gf_cutoff_date='CUTOFF_DATE',['MASTERSCHEMA.t_kcog_entity'],,,,95,4.3
2703,C:/Users/O005820/Documents/repositorios/GDH_c360_hammurabi_UUAAs/knfa/glgldh360gloqlt/hammurabi/confs/master/knfa/KNFA_vehicles-center_P68X_vehicle-version-catalog_MMRule.conf,t_knfa_vehicles_center,27b923809b,gf_vehicle_version_id,False,com.datio.hammurabi.rules.consistence.ValueConciliationRule,,gf_cutoff_date='CUTOFF_DATE',['/data/master/p68x/data/t_p68x_vehicle_version_catalog/'],,gf_vehicle_version_id is not null and gf_vehicle_version_id != '' ,,100,4.3
2740,C:/Users/O005820/Documents/repositorios/GDH_c360_hammurabi_UUAAs/knfa/glgldh360gloqlt/hammurabi/confs/master/knfa/KNFA_vehicles-favourites_P68X_vehicle-version-catalog_MMRule.conf,t_knfa_vehicles_favourites,27b923816c,gf_vehicle_version_id,False,com.datio.hammurabi.rules.consistence.ValueConciliationRule,,gf_cutoff_date='CUTOFF_DATE',['/data/master/p68x/data/t_p68x_vehicle_version_catalog/'],,gf_vehicle_version_id is not null and gf_vehicle_version_id != '' ,,100,4.3
2845,C:/Users/O005820/Documents/repositorios/GDH_c360_hammurabi_UUAAs/kpan/glgldh360gloqlt/hammurabi/confs/master/kpan/KPAN_mgr-comm-opportunity_KPAN_opportunity_MMRule.conf,t_kpan_mgr_comm_opportunity,2803fd1f36,gf_opportunity_id,False,com.datio.hammurabi.rules.consistence.ValueConciliationRule,,gf_cutoff_date='CUTOFF_DATE',['/data/master/kpan/data/t_kpan_opportunity/'],,gf_opportunity_id is not null and gf_opportunity_id != '',,100,4.3
2864,C:/Users/O005820/Documents/repositorios/GDH_c360_hammurabi_UUAAs/kpan/glgldh360gloqlt/hammurabi/confs/master/kpan/KPAN_mobility-partner-oppy_KSAN_contract_global_local_MMRule.conf,t_kpan_mobility_partner_oppy,28ae2ad20b,g_partner_contract_id,False,com.datio.hammurabi.rules.integrity.ValueComparisonRule,,,['MASTERSCHEMA.t_ksan_contract_global_local'],,,,100,5.2
2894,C:/Users/O005820/Documents/repositorios/GDH_c360_hammurabi_UUAAs/kpan/glgldh360gloqlt/hammurabi/confs/master/kpan/KPAN_mobility-partner-oppy_P68X_vehicle-version-catalog_MMRule.conf,t_kpan_mobility_partner_oppy,27dd496eee,gf_vehicle_version_id,False,com.datio.hammurabi.rules.consistence.ValueConciliationRule,,gf_cutoff_date='CUTOFF_DATE',['/data/master/p68x/data/t_p68x_vehicle_version_catalog/'],,gf_vehicle_version_id is not null and gf_vehicle_version_id != '',,100,4.3
2895,C:/Users/O005820/Documents/repositorios/GDH_c360_hammurabi_UUAAs/kpan/glgldh360gloqlt/hammurabi/confs/master/kpan/KPAN_mobility-partner-oppy_P68X_vehicle-version-catalog_MMRule.conf,t_kpan_mobility_partner_oppy,28b5055acc,gf_gbl_cntr_vehicle_model_id,False,com.datio.hammurabi.rules.consistence.ValueConciliationRule,,gf_cutoff_date='CUTOFF_DATE',['MASTERSCHEMA.t_p68x_vehicle_version_catalog'],,gf_gbl_cntr_vehicle_model_id is not null and gf_gbl_cntr_vehicle_model_id != '',,95,4.3
2919,C:/Users/O005820/Documents/repositorios/GDH_c360_hammurabi_UUAAs/kpan/glgldh360gloqlt/hammurabi/confs/master/kpan/KPAN_opportunity_NM7R_lead_MMRule.conf,t_kpan_opportunity,GL_DOM_t_kpan_opportunity_5.2_000,gf_opportunity_start_date,False,com.datio.hammurabi.rules.integrity.ValueComparisonRule,,gf_lead_start_date,['/data/master/nm7r/data/t_nm7r_lead/'],,,,100,5.2
3206,C:/Users/O005820/Documents/repositorios/GDH_c360_hammurabi_UUAAs/kusu/glgldh360gloqlt/hammurabi/confs/master/kusu/KUSU_cust-user-profile-his_KBTQ_role-person_MMRule.conf,t_kusu_cust_user_profile_his,284cf2972f,g_role_person_id,False,com.datio.hammurabi.rules.consistence.ValueConciliationRule,,1==1,['MASTERSCHEMA.t_kbtq_role_person'],,,,100,4.3
3207,C:/Users/O005820/Documents/repositorios/GDH_c360_hammurabi_UUAAs/kusu/glgldh360gloqlt/hammurabi/confs/master/kusu/KUSU_cust-user-profile-his_KUSU_user-his_MMRule.conf,t_kusu_cust_user_profile_his,284cf25db0,g_user_id,False,com.datio.hammurabi.rules.consistence.ValueConciliationRule,,1==1,['MASTERSCHEMA.t_kusu_user_his'],,,,100,4.3
3218,C:/Users/O005820/Documents/repositorios/GDH_c360_hammurabi_UUAAs/kusu/glgldh360gloqlt/hammurabi/confs/master/kusu/KUSU_device-his_KBTQ_role-person_MMRule.conf,t_kusu_device_his,284cf2df81,g_role_person_id,False,com.datio.hammurabi.rules.consistence.ValueConciliationRule,,1==1,['MASTERSCHEMA.t_kbtq_role_person'],,,,100,4.3
3219,C:/Users/O005820/Documents/repositorios/GDH_c360_hammurabi_UUAAs/kusu/glgldh360gloqlt/hammurabi/confs/master/kusu/KUSU_device-his_KBTQ_role-person_MMRule.conf,t_kusu_device_his,28a354738a,g_person_role_type,False,com.datio.hammurabi.rules.consistence.ValueConciliationRule,,gf_cutoff_date='CUTOFF_DATE',['MASTERSCHEMA.t_kbtq_role_person'],,,,100,4.3
3220,C:/Users/O005820/Documents/repositorios/GDH_c360_hammurabi_UUAAs/kusu/glgldh360gloqlt/hammurabi/confs/master/kusu/KUSU_device-his_KCOG_country_MMRule.conf,t_kusu_device_his,28a3547059,g_country_id,False,com.datio.hammurabi.rules.consistence.ValueConciliationRule,,gf_cutoff_date='CUTOFF_DATE',['MASTERSCHEMA.t_kcog_country'],,,,100,4.3
3239,C:/Users/O005820/Documents/repositorios/GDH_c360_hammurabi_UUAAs/kusu/glgldh360gloqlt/hammurabi/confs/master/kusu/KUSU_user-his_KBTQ_customer-info_MMRule.conf,t_kusu_user_his,284cf30a47,g_customer_id,False,com.datio.hammurabi.rules.consistence.ValueConciliationRule,,1==1,['MASTERSCHEMA.t_kbtq_customer_info'],,,,100,4.3
3240,C:/Users/O005820/Documents/repositorios/GDH_c360_hammurabi_UUAAs/kusu/glgldh360gloqlt/hammurabi/confs/master/kusu/KUSU_user-his_KCOG_country_MMRule.conf,t_kusu_user_his,2883851d27,g_country_id,False,com.datio.hammurabi.rules.consistence.ValueConciliationRule,,,['MASTERSCHEMA.t_kcog_country'],,,,95,4.3
3241,C:/Users/O005820/Documents/repositorios/GDH_c360_hammurabi_UUAAs/kusu/glgldh360gloqlt/hammurabi/confs/master/kusu/KUSU_user-his_KCOG_language_MMRule.conf,t_kusu_user_his,2883851e29,g_language_id,False,com.datio.hammurabi.rules.consistence.ValueConciliationRule,,,['MASTERSCHEMA.t_kcog_language'],,,,95,4.3
3248,C:/Users/O005820/Documents/repositorios/GDH_c360_hammurabi_UUAAs/kusu/glgldh360gloqlt/hammurabi/confs/master/kusu/KUSU_user-role_KCOG_country_MMRule.conf,t_kusu_user_role,28981c1e68,g_country_id,False,com.datio.hammurabi.rules.consistence.ValueConciliationRule,,gf_cutoff_date='CUTOFF_DATE',['MASTERSCHEMA.t_kcog_country'],,,,95,4.3
3966,C:/Users/O005820/Documents/repositorios/GDH_c360_hammurabi_UUAAs/l9ct/glgldh360gloqlt/hammurabi/confs/master/l9ct/L9CT_gp-cust-ext-data-comp_KSAG_holding-business-group_MMRule.conf,t_l9ct_gp_cust_ext_data_comp,2848d7cfac,g_holding_group_id,False,com.datio.hammurabi.rules.consistence.ValueConciliationRule,,1==1,['MASTERSCHEMA.t_ksag_holding_business_group'],,g_holding_group_id is not null and g_holding_group_id != '',,100,4.3
4294,C:/Users/O005820/Documents/repositorios/GDH_c360_hammurabi_UUAAs/l9ct/glgldh360gloqlt/hammurabi/confs/master/l9ct/L9CT_insts-esg-scores-general_MRField.conf,t_l9ct_insts_esg_scores_general,2783ab05bb,gf_csa_co_esg_scr_rank_number,False,com.datio.hammurabi.rules.integrity.ValueComparisonRule,,gf_cutoff_date='CUTOFF_DATE',['tmp://tmp2'],,,,,5.2
4549,C:/Users/O005820/Documents/repositorios/GDH_c360_hammurabi_UUAAs/nm7r/glgldh360gloqlt/hammurabi/confs/master/nm7r/NM7R_lead_KBTQ_role-person_MMRule.conf,t_nm7r_lead,GL_DOM_t_nm7r_lead_4.3_002,g_person_role_type,False,com.datio.hammurabi.rules.consistence.ValueConciliationRule,,1==1,['/data/master/kbtq/data/t_kbtq_role_person'],,,,100,4.3
4550,C:/Users/O005820/Documents/repositorios/GDH_c360_hammurabi_UUAAs/nm7r/glgldh360gloqlt/hammurabi/confs/master/nm7r/NM7R_lead_KCOG_branch_MMRule.conf,t_nm7r_lead,GL_DOM_t_nm7r_lead_4.3_000,g_branch_id,False,com.datio.hammurabi.rules.consistence.ValueConciliationRule,,1==1,['/data/master/kcog/data/t_kcog_branch/'],,,,100,4.3
5028,C:/Users/O005820/Documents/repositorios/GDH_c360_hammurabi_UUAAs/re4m/glgldh360gloqlt/hammurabi/confs/master/re4m/RE4M_junction-interaction_RE4M_physical-interaction_MMRule.conf,t_re4m_junction_interaction,GL_DOM_t_re4m_junction_interaction_4.3_000,gf_interaction_id,False,com.datio.hammurabi.rules.consistence.ValueConciliationRule,,1==1,['/data/master/re4m/data/t_re4m_physical_interaction/'],,,,100,4.3
5116,C:/Users/O005820/Documents/repositorios/GDH_c360_hammurabi_UUAAs/re4m/glgldh360gloqlt/hammurabi/confs/master/re4m/RE4M_phrase-mention_RE4M_phrase-transcription_MMRule.conf,t_re4m_phrase_mention,28b1db6ae8,gf_transcription_id,False,com.datio.hammurabi.rules.consistence.ValueConciliationRule,,gf_cutoff_date='CUTOFF_DATE',['MASTERSCHEMA.t_re4m_phrase_transcription'],,,,100,4.3
5160,C:/Users/O005820/Documents/repositorios/GDH_c360_hammurabi_UUAAs/re4m/glgldh360gloqlt/hammurabi/confs/master/re4m/RE4M_physical-interaction-acti_KBTQ_role-person_MMRule.conf,t_re4m_physical_interaction_acti,28b5e0ea6c,g_role_person_id,False,com.datio.hammurabi.rules.consistence.ValueConciliationRule,,gf_cutoff_date='CUTOFF_DATE',['MASTERSCHEMA.t_kbtq_role_person'],,,,95,4.3
5163,C:/Users/O005820/Documents/repositorios/GDH_c360_hammurabi_UUAAs/re4m/glgldh360gloqlt/hammurabi/confs/master/re4m/RE4M_physical-interaction-acti_KCOG_entity_MMRule.conf,t_re4m_physical_interaction_acti,28b5e0ee1a,gf_entity_id,False,com.datio.hammurabi.rules.consistence.ValueConciliationRule,,gf_cutoff_date='CUTOFF_DATE',['MASTERSCHEMA.t_kcog_entity'],,,,95,4.3
5239,C:/Users/O005820/Documents/repositorios/GDH_c360_hammurabi_UUAAs/re4m/glgldh360gloqlt/hammurabi/confs/master/re4m/RE4M_physical-interaction_NM7R_lead_MMRule.conf,t_re4m_physical_interaction,GL_DOM_t_re4m_physical_interaction_4.3_000,gf_lead_id,False,com.datio.hammurabi.rules.consistence.ValueConciliationRule,,gf_cutoff_date='CUTOFF_DATE',['MASTERSCHEMA.t_nm7r_lead'],,,,100,4.3
5303,C:/Users/O005820/Documents/repositorios/GDH_c360_hammurabi_UUAAs/rzua/glgldh360gloqlt/hammurabi/confs/master/rzua/RZUA_contract-output-emissions_KCOG_country_MMRule.conf,t_rzua_contract_output_emissions,GL_DOM_t_rzua_contract_output_emissions_4.3_000,g_country_id,False,com.datio.hammurabi.rules.consistence.ValueConciliationRule,,1==1,['/data/master/kcog/data/t_kcog_country/'],,,,100,4.3
5444,C:/Users/O005820/Documents/repositorios/GDH_c360_hammurabi_UUAAs/rzua/glgldh360gloqlt/hammurabi/confs/master/rzua/RZUA_sust-kpi-link-oper-condit_KSAN_eom-contract_MMRule.conf,t_rzua_sust_kpi_link_oper_condit,27a26dddd6,g_contract_id,False,com.datio.hammurabi.rules.consistence.ValueConciliationRule,,1==1,['/data/master/ksan/data/t_ksan_eom_contract/'],,,,100,4.3
5462,C:/Users/O005820/Documents/repositorios/GDH_c360_hammurabi_UUAAs/rzua/glgldh360gloqlt/hammurabi/confs/master/rzua/RZUA_sust-kpi-link-operation_KSAN_eom-contract_MMRule.conf,t_rzua_sust_kpi_link_operation,27a26e22d0,g_contract_id,False,com.datio.hammurabi.rules.consistence.ValueConciliationRule,,1==1,['/data/master/ksan/data/t_ksan_eom_contract/'],,,,100,4.3
5478,C:/Users/O005820/Documents/repositorios/GDH_c360_hammurabi_UUAAs/rzua/glgldh360gloqlt/hammurabi/confs/master/rzua/RZUA_sust-operations-cib_G5M3_sust-mob-operations_MMRule.conf,t_rzua_sust_operations_cib,279ffe4b82,g_contract_id,False,com.datio.hammurabi.rules.consistence.ValueConciliationRule,,gf_cutoff_date='CUTOFF_DATE',['/data/master/g5m3/data/t_g5m3_sust_mob_operations/'],,"gf_source_system_sust_type IN ('37730', '2259886', '33763', '86076')",,100,4.3
5479,C:/Users/O005820/Documents/repositorios/GDH_c360_hammurabi_UUAAs/rzua/glgldh360gloqlt/hammurabi/confs/master/rzua/RZUA_sust-operations-cib_KCOG_entity_MMRule.conf,t_rzua_sust_operations_cib,27bfe86820,g_entity_id,False,com.datio.hammurabi.rules.consistence.ValueConciliationRule,,1==1,['/data/master/kcog/data/t_kcog_entity/'],,"gf_source_system_sust_type IN ('37730', '2259886', '33763', '86076')",,100,4.3
5500,C:/Users/O005820/Documents/repositorios/GDH_c360_hammurabi_UUAAs/rzua/glgldh360gloqlt/hammurabi/confs/master/rzua/RZUA_sust-operations-cib_RZUA_sust-operations-cib_MMRule.conf,t_rzua_sust_operations_cib,27b5841b93,g_contract_id,False,com.datio.hammurabi.rules.consistence.ValueConciliationRule,,"(gf_source_system_sust_type IN ('37730', '2259886', '33763', '86076')) AND (gf_cutoff_date='PREVIOUS_CUTOFF_DATE')",['/data/master/rzua/data/t_rzua_sust_operations_cib/'],,"gf_source_system_sust_type IN ('37730', '2259886', '33763', '86076')",['gf_source_system_sust_type'],100,4.3
5501,C:/Users/O005820/Documents/repositorios/GDH_c360_hammurabi_UUAAs/rzua/glgldh360gloqlt/hammurabi/confs/master/rzua/RZUA_sust-operations-cib_RZUA_sust-operations-cib_MMRule.conf,t_rzua_sust_operations_cib,27b5841c13,g_contract_id,False,com.datio.hammurabi.rules.consistence.ValueConciliationRule,,"(gf_source_system_sust_type IN ('37730', '2259886', '33763', '86076')) AND (gf_cutoff_date='PREVIOUS_CUTOFF_DATE')",['/data/master/rzua/data/t_rzua_sust_operations_cib/'],,"gf_source_system_sust_type IN ('37730', '2259886', '33763', '86076')",['g_country_id'],100,4.3
5502,C:/Users/O005820/Documents/repositorios/GDH_c360_hammurabi_UUAAs/rzua/glgldh360gloqlt/hammurabi/confs/master/rzua/RZUA_sust-operations-cib_RZUA_sust-operations_MMRule.conf,t_rzua_sust_operations_cib,27b5827687,g_contract_id,False,com.datio.hammurabi.rules.consistence.ValueConciliationRule,,gf_cutoff_date='CUTOFF_DATE',['/data/master/rzua/data/t_rzua_sust_operations/'],,"gf_source_system_sust_type IN ('37730', '2259886', '33763', '86076')",,100,4.3
5547,C:/Users/O005820/Documents/repositorios/GDH_c360_hammurabi_UUAAs/rzua/glgldh360gloqlt/hammurabi/confs/master/rzua/RZUA_sust-operations_KCOG_entity_MMRule.conf,t_rzua_sust_operations,2849645298,g_entity_id,False,com.datio.hammurabi.rules.consistence.ValueConciliationRule,,1==1,['MASTERSCHEMA.t_rzua_sust_operations'],,,,100,4.3
5644,C:/Users/O005820/Documents/repositorios/GDH_c360_hammurabi_UUAAs/tdi3/glgldh360gloqlt/hammurabi/confs/master/tdi3/TDI3_communication_L9SV_placement-display_MMRule.conf,t_tdi3_communication,GL_DOM_t_tdi3_communication_4.3_000,gf_communication_id,False,com.datio.hammurabi.rules.consistence.ValueConciliationRule,,gf_cutoff_date='CUTOFF_DATE',['/data/master/l9sv/data/t_l9sv_placement_display/'],,gf_communication_id != '' and gf_communication_id is not null,,100,4.3
5684,C:/Users/O005820/Documents/repositorios/GDH_c360_hammurabi_UUAAs/tdi3/glgldh360gloqlt/hammurabi/confs/master/tdi3/TDI3_communication_TDI3_tracking-code_MMRule.conf,t_tdi3_communication,GL_DOM_t_tdi3_communication_4.3_001,gf_communication_id,False,com.datio.hammurabi.rules.consistence.ValueConciliationRule,,gf_cutoff_date='CUTOFF_DATE',['/data/master/tdi3/data/t_tdi3_tracking_code/'],,gf_communication_id != '' and gf_communication_id is not null,,100,4.3
5706,C:/Users/O005820/Documents/repositorios/GDH_c360_hammurabi_UUAAs/tdi3/glgldh360gloqlt/hammurabi/confs/master/tdi3/TDI3_tracking-code_L9SV_placement-display_MMRule.conf,t_tdi3_tracking_code,GL_DOM_t_tdi3_tracking_code_4.3_001,gf_communication_id,False,com.datio.hammurabi.rules.consistence.ValueConciliationRule,,gf_cutoff_date='CUTOFF_DATE',['/data/master/l9sv/data/t_l9sv_placement_display/'],,,,100,4.3
5725,C:/Users/O005820/Documents/repositorios/GDH_c360_hammurabi_UUAAs/tdi3/glgldh360gloqlt/hammurabi/confs/master/tdi3/TDI3_tracking-code_TDI3_communication_MMRule.conf,t_tdi3_tracking_code,GL_DOM_t_tdi3_tracking_code_4.3_000,gf_communication_id,False,com.datio.hammurabi.rules.consistence.ValueConciliationRule,,gf_cutoff_date='CUTOFF_DATE',['/data/master/tdi3/data/t_tdi3_communication/'],,,,100,4.3
